id_ligne;cle_metier;lot;famille;batiment;niveau;designation;quantite;unite;prix_total_ht;montant_local;montant_import;taux_economie;capex_optimise;economie_nette;decision_import;statut_ligne
DQE-000001;LOT 1 : GROS OEUVRE ET DÉMOLITION|BATIMENT PRINCIPAL|GLOBAL|MOBILISATION;LOT 1 : GROS OEUVRE ET DÉMOLITION;gros_oeuvre;BATIMENT PRINCIPAL;GLOBAL;Mobilisation;1.0;ens;4755250.0;4755250.0;4372927.9;0.0804;4372927.9;382322.1;IMPORT;OK
DQE-000002;LOT 1 : GROS OEUVRE ET DÉMOLITION|BATIMENT PRINCIPAL|GLOBAL|BUREAU DE CHANTIER, ATELIER, BARAQUEMENT ET CLÔTURE PROVISOIRE;LOT 1 : GROS OEUVRE ET DÉMOLITION;gros_oeuvre;BATIMENT PRINCIPAL;GLOBAL;Bureau de chantier, atelier, baraquement et clôture provisoire;1.0;ens;3758730.0;3758730.0;3456528.11;0.08039999946790538;3456528.11;302201.89;IMPORT;OK
DQE-000003;LOT 1 : GROS OEUVRE ET DÉMOLITION|BATIMENT PRINCIPAL|GLOBAL|ABONNEMENT, MENSUALITÉ CONCESSIONNAIRES;LOT 1 : GROS OEUVRE ET DÉMOLITION;gros_oeuvre;BATIMENT PRINCIPAL;GLOBAL;Abonnement, mensualité concessionnaires;1.0;ens;2507000.0;2507000.0;2305437.2;0.0804;2305437.2;201562.8;IMPORT;OK
DQE-000004;LOT 1 : GROS OEUVRE ET DÉMOLITION|BATIMENT PRINCIPAL|GLOBAL|MATÉRIEL DE CHANTIER (ENGINS, MANUTENTION ETC);LOT 1 : GROS OEUVRE ET DÉMOLITION;gros_oeuvre;BATIMENT PRINCIPAL;GLOBAL;Matériel de chantier (engins, manutention etc);1.0;ens;4213438.0;4213438.0;3874677.58;0.0804000011392122;3874677.58;338760.42;IMPORT;OK
DQE-000005;LOT 1 : GROS OEUVRE ET DÉMOLITION|BATIMENT PRINCIPAL|GLOBAL|DIVERS (SÉCURITÉ, ASE, PANNEAU DE CHANTIER...);LOT 1 : GROS OEUVRE ET DÉMOLITION;gros_oeuvre;BATIMENT PRINCIPAL;GLOBAL;Divers (sécurité, ASE, panneau de chantier...);1.0;ens;4945000.0;4945000.0;4547422.0;0.0804;4547422.0;397578.0;IMPORT;OK
DQE-000006;LOT 1 : GROS OEUVRE ET DÉMOLITION|BATIMENT PRINCIPAL|GLOBAL|ÉTUDES TECHNIQUES ET ESSAIS;LOT 1 : GROS OEUVRE ET DÉMOLITION;gros_oeuvre;BATIMENT PRINCIPAL;GLOBAL;Études techniques et Essais;1.0;ens;4795500.0;4795500.0;4409941.8;0.0804;4409941.8;385558.2;IMPORT;OK
DQE-000007;LOT 1 : GROS OEUVRE ET DÉMOLITION|BATIMENT PRINCIPAL|GLOBAL|ENSEMBLE DES AXES NECESSAIRES;LOT 1 : GROS OEUVRE ET DÉMOLITION;gros_oeuvre;BATIMENT PRINCIPAL;GLOBAL;Ensemble des axes necessaires;1.0;ens;1265000.0;1265000.0;1163294.0;0.0804;1163294.0;101706.0;IMPORT;OK
DQE-000008;LOT 1 : GROS OEUVRE ET DÉMOLITION|BATIMENT PRINCIPAL|RDC|DÉMOLITION DES MURS ET L'ESCALIER (RDC);LOT 1 : GROS OEUVRE ET DÉMOLITION;gros_oeuvre;BATIMENT PRINCIPAL;RDC;Démolition des murs et l'escalier (RDC);1.0;f;1725000.0;1725000.0;1586310.0;0.0804;1586310.0;138690.0;IMPORT;OK
DQE-000009;LOT 1 : GROS OEUVRE ET DÉMOLITION|BATIMENT ANNEXE|ETAGE 1|DÉMOLITION DES MURS ET L'ESCALIER Y COMPRIS LA DALLE EXISTENTE BÂTIMENT ANNEXE (ÉTAGE 1);LOT 1 : GROS OEUVRE ET DÉMOLITION;gros_oeuvre;BATIMENT ANNEXE;ETAGE 1;Démolition des murs et l'escalier y compris la dalle existente bâtiment annexe (ÉTAGE 1);1.0;f;2587500.0;2587500.0;2379465.0;0.0804;2379465.0;208035.0;IMPORT;OK
DQE-000010;LOT 1 : GROS OEUVRE ET DÉMOLITION|BATIMENT PRINCIPAL|ETAGE 2|DÉMOLITION DES MURS ET L'ESCALIER (ÉTAGE 2);LOT 1 : GROS OEUVRE ET DÉMOLITION;gros_oeuvre;BATIMENT PRINCIPAL;ETAGE 2;Démolition des murs et l'escalier (ÉTAGE 2);1.0;f;1725000.0;1725000.0;1586310.0;0.0804;1586310.0;138690.0;IMPORT;OK
DQE-000011;LOT 1 : GROS OEUVRE ET DÉMOLITION|BATIMENT PRINCIPAL|GLOBAL|ÉVACUATION DES GRAVATS HORS SITE;LOT 1 : GROS OEUVRE ET DÉMOLITION;gros_oeuvre;BATIMENT PRINCIPAL;GLOBAL;Évacuation des gravats hors site;1.0;f;552000.0;552000.0;507619.2;0.0804;507619.2;44380.8;IMPORT;OK
DQE-000012;LOT 1 : GROS OEUVRE ET DÉMOLITION|BATIMENT PRINCIPAL|RDC|DÉCAPAGE DES CARREAUX SOL EXISTANTS EN RDC;LOT 1 : GROS OEUVRE ET DÉMOLITION;gros_oeuvre;BATIMENT PRINCIPAL;RDC;Décapage des carreaux sol existants en RDC;460.0;m2;2645000.0;2645000.0;2432342.0;0.0804;2432342.0;212658.0;IMPORT;OK
DQE-000013;LOT 1 : GROS OEUVRE ET DÉMOLITION|BATIMENT PRINCIPAL|GLOBAL|BÉTON DE PROPRETÉ;LOT 1 : GROS OEUVRE ET DÉMOLITION;gros_oeuvre;BATIMENT PRINCIPAL;GLOBAL;Béton de propreté;3.07;m3;1039870.4;1039870.4;956264.82;0.08039999984613468;956264.82;83605.58;IMPORT;OK
DQE-000014;LOT 1 : GROS OEUVRE ET DÉMOLITION|BATIMENT PRINCIPAL|GLOBAL|BÉTON 400 HYDR;LOT 1 : GROS OEUVRE ET DÉMOLITION;gros_oeuvre;BATIMENT PRINCIPAL;GLOBAL;Béton 400 hydr;4.36;m3;824803.0;824803.0;758488.84;0.08039999854510714;758488.84;66314.16;IMPORT;OK
DQE-000015;LOT 1 : GROS OEUVRE ET DÉMOLITION|BATIMENT PRINCIPAL|GLOBAL|COFFRAGE;LOT 1 : GROS OEUVRE ET DÉMOLITION;gros_oeuvre;BATIMENT PRINCIPAL;GLOBAL;Coffrage;15.84;m2;91080.0;91080.0;83757.17;0.08039997804128239;83757.17;7322.83;IMPORT;OK
DQE-000016;LOT 1 : GROS OEUVRE ET DÉMOLITION|BATIMENT PRINCIPAL|GLOBAL|ACIER;LOT 1 : GROS OEUVRE ET DÉMOLITION;gros_oeuvre;BATIMENT PRINCIPAL;GLOBAL;Acier;436.0;kg;601680.0;601680.0;553304.93;0.08039999667597394;553304.93;48375.07;IMPORT;OK
DQE-000017;LOT 1 : GROS OEUVRE ET DÉMOLITION|BATIMENT PRINCIPAL|GLOBAL|BÉTON 400 HYDR;LOT 1 : GROS OEUVRE ET DÉMOLITION;gros_oeuvre;BATIMENT PRINCIPAL;GLOBAL;Béton 400 hydr;1.65;m3;312138.75;312138.75;287042.79;0.08040001441666567;287042.79;25095.96;IMPORT;OK
DQE-000018;LOT 1 : GROS OEUVRE ET DÉMOLITION|BATIMENT PRINCIPAL|GLOBAL|COFFRAGE;LOT 1 : GROS OEUVRE ET DÉMOLITION;gros_oeuvre;BATIMENT PRINCIPAL;GLOBAL;Coffrage;26.4;m2;151800.0;151800.0;139595.28;0.0804;139595.28;12204.72;IMPORT;OK
DQE-000019;LOT 1 : GROS OEUVRE ET DÉMOLITION|BATIMENT PRINCIPAL|GLOBAL|ACIER;LOT 1 : GROS OEUVRE ET DÉMOLITION;gros_oeuvre;BATIMENT PRINCIPAL;GLOBAL;Acier;198.0;kg;273240.0;273240.0;251271.5;0.08040001463914508;251271.5;21968.5;IMPORT;OK
DQE-000020;LOT 1 : GROS OEUVRE ET DÉMOLITION|BATIMENT PRINCIPAL|GLOBAL|BÉTON 400 HYDR;LOT 1 : GROS OEUVRE ET DÉMOLITION;gros_oeuvre;BATIMENT PRINCIPAL;GLOBAL;Béton 400 hydr;3.72;m3;703731.0;703731.0;647151.03;0.08039999658960598;647151.03;56579.97;IMPORT;OK
DQE-000021;LOT 1 : GROS OEUVRE ET DÉMOLITION|BATIMENT PRINCIPAL|GLOBAL|COFFRAGE;LOT 1 : GROS OEUVRE ET DÉMOLITION;gros_oeuvre;BATIMENT PRINCIPAL;GLOBAL;Coffrage;37.33;m2;214647.5;214647.5;197389.84;0.08040000465880105;197389.84;17257.66;IMPORT;OK
DQE-000022;LOT 1 : GROS OEUVRE ET DÉMOLITION|BATIMENT PRINCIPAL|GLOBAL|ACIER;LOT 1 : GROS OEUVRE ET DÉMOLITION;gros_oeuvre;BATIMENT PRINCIPAL;GLOBAL;Acier;484.0;kg;667920.0;667920.0;614219.23;0.08040000299437058;614219.23;53700.77;IMPORT;OK
DQE-000023;LOT 1 : GROS OEUVRE ET DÉMOLITION|BATIMENT PRINCIPAL|GLOBAL|BÉTON;LOT 1 : GROS OEUVRE ET DÉMOLITION;gros_oeuvre;BATIMENT PRINCIPAL;GLOBAL;Béton;33.2;m3;6280610.0;6280610.0;5775648.96;0.08039999936311919;5775648.96;504961.04;IMPORT;OK
DQE-000024;LOT 1 : GROS OEUVRE ET DÉMOLITION|BATIMENT PRINCIPAL|GLOBAL|COFFRAGE;LOT 1 : GROS OEUVRE ET DÉMOLITION;gros_oeuvre;BATIMENT PRINCIPAL;GLOBAL;Coffrage;66.8;m2;384100.0;384100.0;353218.36;0.0804;353218.36;30881.64;IMPORT;OK
DQE-000025;LOT 1 : GROS OEUVRE ET DÉMOLITION|BATIMENT PRINCIPAL|GLOBAL|ACIER;LOT 1 : GROS OEUVRE ET DÉMOLITION;gros_oeuvre;BATIMENT PRINCIPAL;GLOBAL;Acier;2324.0;kg;3207120.0;3207120.0;2949267.55;0.08040000062361247;2949267.55;257852.45;IMPORT;OK
DQE-000026;LOT 1 : GROS OEUVRE ET DÉMOLITION|BATIMENT PRINCIPAL|GLOBAL|AGGLOS PLEINS 20X20X50;LOT 1 : GROS OEUVRE ET DÉMOLITION;gros_oeuvre;BATIMENT PRINCIPAL;GLOBAL;Agglos pleins 20x20x50;78.98;m2;961976.4;961976.4;884633.5;0.08039999733881205;884633.5;77342.9;IMPORT;OK
DQE-000027;LOT 1 : GROS OEUVRE ET DÉMOLITION|BATIMENT ANNEXE|GLOBAL|BÉTON;LOT 1 : GROS OEUVRE ET DÉMOLITION;gros_oeuvre;BATIMENT ANNEXE;GLOBAL;Béton;30.3;m3;5732002.5;5732002.5;5271149.5;0.0803999998255409;5271149.5;460853.0;IMPORT;OK
DQE-000028;LOT 1 : GROS OEUVRE ET DÉMOLITION|BATIMENT ANNEXE|GLOBAL|COFFRAGE;LOT 1 : GROS OEUVRE ET DÉMOLITION;gros_oeuvre;BATIMENT ANNEXE;GLOBAL;Coffrage;10.8;m2;62100.0;62100.0;57107.16;0.0804;57107.16;4992.84;IMPORT;OK
DQE-000029;LOT 1 : GROS OEUVRE ET DÉMOLITION|BATIMENT ANNEXE|GLOBAL|ACIER;LOT 1 : GROS OEUVRE ET DÉMOLITION;gros_oeuvre;BATIMENT ANNEXE;GLOBAL;Acier;1818.0;kg;2508840.0;2508840.0;2307129.26;0.08040000159436234;2307129.26;201710.74;IMPORT;OK
DQE-000030;LOT 1 : GROS OEUVRE ET DÉMOLITION|BATIMENT PRINCIPAL|RDC|BÉTON 400;LOT 1 : GROS OEUVRE ET DÉMOLITION;gros_oeuvre;BATIMENT PRINCIPAL;RDC;Béton 400;2.48;m3;469154.0;469154.0;431434.02;0.08039999658960598;431434.02;37719.98;IMPORT;OK
DQE-000031;LOT 1 : GROS OEUVRE ET DÉMOLITION|BATIMENT PRINCIPAL|RDC|COFFRAGE;LOT 1 : GROS OEUVRE ET DÉMOLITION;gros_oeuvre;BATIMENT PRINCIPAL;RDC;Coffrage;39.6;m2;227700.0;227700.0;209392.92;0.08040000000000001;209392.92;18307.08;IMPORT;OK
DQE-000032;LOT 1 : GROS OEUVRE ET DÉMOLITION|BATIMENT PRINCIPAL|RDC|ACIER;LOT 1 : GROS OEUVRE ET DÉMOLITION;gros_oeuvre;BATIMENT PRINCIPAL;RDC;Acier;297.6;kg;410688.0;410688.0;377668.68;0.08040001168770454;377668.68;33019.32;IMPORT;OK
DQE-000033;LOT 1 : GROS OEUVRE ET DÉMOLITION|BATIMENT PRINCIPAL|RDC|BÉTON 350;LOT 1 : GROS OEUVRE ET DÉMOLITION;gros_oeuvre;BATIMENT PRINCIPAL;RDC;Béton 350;3.72;m3;703731.0;703731.0;647151.03;0.08039999658960598;647151.03;56579.97;IMPORT;OK
DQE-000034;LOT 1 : GROS OEUVRE ET DÉMOLITION|BATIMENT PRINCIPAL|RDC|COFFRAGE;LOT 1 : GROS OEUVRE ET DÉMOLITION;gros_oeuvre;BATIMENT PRINCIPAL;RDC;Coffrage;46.46;m2;267145.0;267145.0;245666.54;0.08040000748657096;245666.54;21478.46;IMPORT;OK
DQE-000035;LOT 1 : GROS OEUVRE ET DÉMOLITION|BATIMENT PRINCIPAL|RDC|ACIER;LOT 1 : GROS OEUVRE ET DÉMOLITION;gros_oeuvre;BATIMENT PRINCIPAL;RDC;Acier;483.6;kg;667368.0;667368.0;613711.61;0.08040000419558624;613711.61;53656.39;IMPORT;OK
DQE-000036;LOT 1 : GROS OEUVRE ET DÉMOLITION|BATIMENT PRINCIPAL|RDC|BÉTON 350;LOT 1 : GROS OEUVRE ET DÉMOLITION;gros_oeuvre;BATIMENT PRINCIPAL;RDC;Béton 350;5.31;m3;1004519.25;1004519.25;923755.9;0.0804000022896525;923755.9;80763.35;IMPORT;OK
DQE-000037;LOT 1 : GROS OEUVRE ET DÉMOLITION|BATIMENT PRINCIPAL|RDC|COFFRAGE;LOT 1 : GROS OEUVRE ET DÉMOLITION;gros_oeuvre;BATIMENT PRINCIPAL;RDC;Coffrage;79.63;m2;457872.5;457872.5;421059.55;0.08040000218401411;421059.55;36812.95;IMPORT;OK
DQE-000038;LOT 1 : GROS OEUVRE ET DÉMOLITION|BATIMENT PRINCIPAL|RDC|ACIER;LOT 1 : GROS OEUVRE ET DÉMOLITION;gros_oeuvre;BATIMENT PRINCIPAL;RDC;Acier;1113.6;kg;1536768.0;1536768.0;1413211.85;0.08040000182200566;1413211.85;123556.15;IMPORT;OK
DQE-000039;LOT 1 : GROS OEUVRE ET DÉMOLITION|BATIMENT PRINCIPAL|RDC|BÉTON 400;LOT 1 : GROS OEUVRE ET DÉMOLITION;gros_oeuvre;BATIMENT PRINCIPAL;RDC;Béton 400;4.74;m3;896689.5;896689.5;824595.66;0.08040000468389559;824595.66;72093.84;IMPORT;OK
DQE-000040;LOT 1 : GROS OEUVRE ET DÉMOLITION|BATIMENT PRINCIPAL|RDC|COFFRAGE;LOT 1 : GROS OEUVRE ET DÉMOLITION;gros_oeuvre;BATIMENT PRINCIPAL;RDC;Coffrage;71.1;m2;408825.0;408825.0;375955.47;0.0804;375955.47;32869.53;IMPORT;OK
DQE-000041;LOT 1 : GROS OEUVRE ET DÉMOLITION|BATIMENT PRINCIPAL|RDC|ACIER;LOT 1 : GROS OEUVRE ET DÉMOLITION;gros_oeuvre;BATIMENT PRINCIPAL;RDC;Acier;331.8;kg;457884.0;457884.0;421070.13;0.08039999213774668;421070.13;36813.87;IMPORT;OK
DQE-000042;LOT 1 : GROS OEUVRE ET DÉMOLITION|BATIMENT PRINCIPAL|RDC|BÉTON 350;LOT 1 : GROS OEUVRE ET DÉMOLITION;gros_oeuvre;BATIMENT PRINCIPAL;RDC;Béton 350;9.28;m3;1755544.0;1755544.0;1614398.26;0.0804000013670976;1614398.26;141145.74;IMPORT;OK
DQE-000043;LOT 1 : GROS OEUVRE ET DÉMOLITION|BATIMENT PRINCIPAL|RDC|COFFRAGE;LOT 1 : GROS OEUVRE ET DÉMOLITION;gros_oeuvre;BATIMENT PRINCIPAL;RDC;Coffrage;51.33;m2;295147.5;295147.5;271417.64;0.08040000338813644;271417.64;23729.86;IMPORT;OK
DQE-000044;LOT 1 : GROS OEUVRE ET DÉMOLITION|BATIMENT PRINCIPAL|RDC|ACIER;LOT 1 : GROS OEUVRE ET DÉMOLITION;gros_oeuvre;BATIMENT PRINCIPAL;RDC;Acier;1113.6;kg;1536768.0;1536768.0;1413211.85;0.08040000182200566;1413211.85;123556.15;IMPORT;OK
DQE-000045;LOT 1 : GROS OEUVRE ET DÉMOLITION|BATIMENT PRINCIPAL|RDC|BÉTON 350;LOT 1 : GROS OEUVRE ET DÉMOLITION;gros_oeuvre;BATIMENT PRINCIPAL;RDC;Béton 350;4.44;m3;839937.0;839937.0;772406.07;0.08039999428528567;772406.07;67530.93;IMPORT;OK
DQE-000046;LOT 1 : GROS OEUVRE ET DÉMOLITION|BATIMENT PRINCIPAL|RDC|HOURDIS;LOT 1 : GROS OEUVRE ET DÉMOLITION;gros_oeuvre;BATIMENT PRINCIPAL;RDC;Hourdis;37.0;m2;526547.0;526547.0;484212.62;0.08040000227899884;484212.62;42334.38;IMPORT;OK
DQE-000047;LOT 1 : GROS OEUVRE ET DÉMOLITION|BATIMENT PRINCIPAL|RDC|COFFRAGE;LOT 1 : GROS OEUVRE ET DÉMOLITION;gros_oeuvre;BATIMENT PRINCIPAL;RDC;Coffrage;37.0;m2;212750.0;212750.0;195644.9;0.0804;195644.9;17105.1;IMPORT;OK
DQE-000048;LOT 1 : GROS OEUVRE ET DÉMOLITION|BATIMENT PRINCIPAL|RDC|ACIER;LOT 1 : GROS OEUVRE ET DÉMOLITION;gros_oeuvre;BATIMENT PRINCIPAL;RDC;Acier;400.0;kg;552000.0;552000.0;507619.2;0.0804;507619.2;44380.8;IMPORT;OK
DQE-000049;LOT 1 : GROS OEUVRE ET DÉMOLITION|BATIMENT PRINCIPAL|RDC|AGGLOS CREUX 20X20X50;LOT 1 : GROS OEUVRE ET DÉMOLITION;gros_oeuvre;BATIMENT PRINCIPAL;RDC;Agglos creux 20x20x50;339.74;m2;3799991.9;3799991.9;3494472.55;0.08040000032631649;3494472.55;305519.35;IMPORT;OK
DQE-000050;LOT 1 : GROS OEUVRE ET DÉMOLITION|BATIMENT PRINCIPAL|RDC|ENDUIT;LOT 1 : GROS OEUVRE ET DÉMOLITION;gros_oeuvre;BATIMENT PRINCIPAL;RDC;Enduits intérieurs et extérieurs sur murs;679.47;m2;2600331.69;2600331.69;2391265.02;0.08040000081681888;2391265.02;209066.67;IMPORT;OK
DQE-000051;LOT 1 : GROS OEUVRE ET DÉMOLITION|BATIMENT PRINCIPAL|RDC|ENDUIT;LOT 1 : GROS OEUVRE ET DÉMOLITION;gros_oeuvre;BATIMENT PRINCIPAL;RDC;Enduits sous plafond;581.0;m2;2223487.0;2223487.0;2044718.65;0.08039999784122867;2044718.65;178768.35;IMPORT;OK
DQE-000052;LOT 1 : GROS OEUVRE ET DÉMOLITION|BATIMENT PRINCIPAL|RDC|FINITION DES TABLEAUX;LOT 1 : GROS OEUVRE ET DÉMOLITION;gros_oeuvre;BATIMENT PRINCIPAL;RDC;Finition des tableaux;1.0;ens;2344172.0;2344172.0;2155700.57;0.08040000051190782;2155700.57;188471.43;IMPORT;OK
DQE-000053;LOT 1 : GROS OEUVRE ET DÉMOLITION|BATIMENT PRINCIPAL|ETAGE 1|BÉTON 400;LOT 1 : GROS OEUVRE ET DÉMOLITION;gros_oeuvre;BATIMENT PRINCIPAL;ETAGE 1;Béton 400;2.48;m3;469154.0;469154.0;431434.02;0.08039999658960598;431434.02;37719.98;IMPORT;OK
DQE-000054;LOT 1 : GROS OEUVRE ET DÉMOLITION|BATIMENT PRINCIPAL|ETAGE 1|COFFRAGE;LOT 1 : GROS OEUVRE ET DÉMOLITION;gros_oeuvre;BATIMENT PRINCIPAL;ETAGE 1;Coffrage;39.6;m2;227700.0;227700.0;209392.92;0.08040000000000001;209392.92;18307.08;IMPORT;OK
DQE-000055;LOT 1 : GROS OEUVRE ET DÉMOLITION|BATIMENT PRINCIPAL|ETAGE 1|ACIER;LOT 1 : GROS OEUVRE ET DÉMOLITION;gros_oeuvre;BATIMENT PRINCIPAL;ETAGE 1;Acier;297.6;kg;410688.0;410688.0;377668.68;0.08040001168770454;377668.68;33019.32;IMPORT;OK
DQE-000056;LOT 1 : GROS OEUVRE ET DÉMOLITION|BATIMENT PRINCIPAL|ETAGE 1|BÉTON 350;LOT 1 : GROS OEUVRE ET DÉMOLITION;gros_oeuvre;BATIMENT PRINCIPAL;ETAGE 1;Béton 350;3.72;m3;703731.0;703731.0;647151.03;0.08039999658960598;647151.03;56579.97;IMPORT;OK
DQE-000057;LOT 1 : GROS OEUVRE ET DÉMOLITION|BATIMENT PRINCIPAL|ETAGE 1|COFFRAGE;LOT 1 : GROS OEUVRE ET DÉMOLITION;gros_oeuvre;BATIMENT PRINCIPAL;ETAGE 1;Coffrage;46.46;m2;267145.0;267145.0;245666.54;0.08040000748657096;245666.54;21478.46;IMPORT;OK
DQE-000058;LOT 1 : GROS OEUVRE ET DÉMOLITION|BATIMENT PRINCIPAL|ETAGE 1|ACIER;LOT 1 : GROS OEUVRE ET DÉMOLITION;gros_oeuvre;BATIMENT PRINCIPAL;ETAGE 1;Acier;483.6;kg;667368.0;667368.0;613711.61;0.08040000419558624;613711.61;53656.39;IMPORT;OK
DQE-000059;LOT 1 : GROS OEUVRE ET DÉMOLITION|BATIMENT PRINCIPAL|ETAGE 1|BÉTON 350;LOT 1 : GROS OEUVRE ET DÉMOLITION;gros_oeuvre;BATIMENT PRINCIPAL;ETAGE 1;Béton 350;4.74;m3;896689.5;896689.5;824595.66;0.08040000468389559;824595.66;72093.84;IMPORT;OK
DQE-000060;LOT 1 : GROS OEUVRE ET DÉMOLITION|BATIMENT PRINCIPAL|ETAGE 1|COFFRAGE;LOT 1 : GROS OEUVRE ET DÉMOLITION;gros_oeuvre;BATIMENT PRINCIPAL;ETAGE 1;Coffrage;71.1;m2;408825.0;408825.0;375955.47;0.0804;375955.47;32869.53;IMPORT;OK
DQE-000061;LOT 1 : GROS OEUVRE ET DÉMOLITION|BATIMENT PRINCIPAL|ETAGE 1|ACIER;LOT 1 : GROS OEUVRE ET DÉMOLITION;gros_oeuvre;BATIMENT PRINCIPAL;ETAGE 1;Acier;331.8;kg;457884.0;457884.0;421070.13;0.08039999213774668;421070.13;36813.87;IMPORT;OK
DQE-000062;LOT 1 : GROS OEUVRE ET DÉMOLITION|BATIMENT PRINCIPAL|ETAGE 1|BÉTON 350;LOT 1 : GROS OEUVRE ET DÉMOLITION;gros_oeuvre;BATIMENT PRINCIPAL;ETAGE 1;Béton 350;4.44;m3;839937.0;839937.0;772406.07;0.08039999428528567;772406.07;67530.93;IMPORT;OK
DQE-000063;LOT 1 : GROS OEUVRE ET DÉMOLITION|BATIMENT PRINCIPAL|ETAGE 1|HOURDIS;LOT 1 : GROS OEUVRE ET DÉMOLITION;gros_oeuvre;BATIMENT PRINCIPAL;ETAGE 1;Hourdis;37.0;m2;526547.0;526547.0;484212.62;0.08040000227899884;484212.62;42334.38;IMPORT;OK
DQE-000064;LOT 1 : GROS OEUVRE ET DÉMOLITION|BATIMENT PRINCIPAL|ETAGE 1|COFFRAGE;LOT 1 : GROS OEUVRE ET DÉMOLITION;gros_oeuvre;BATIMENT PRINCIPAL;ETAGE 1;Coffrage;37.0;m2;212750.0;212750.0;195644.9;0.0804;195644.9;17105.1;IMPORT;OK
DQE-000065;LOT 1 : GROS OEUVRE ET DÉMOLITION|BATIMENT PRINCIPAL|ETAGE 1|ACIER;LOT 1 : GROS OEUVRE ET DÉMOLITION;gros_oeuvre;BATIMENT PRINCIPAL;ETAGE 1;Acier;400.0;kg;552000.0;552000.0;507619.2;0.0804;507619.2;44380.8;IMPORT;OK
DQE-000066;LOT 1 : GROS OEUVRE ET DÉMOLITION|BATIMENT PRINCIPAL|ETAGE 1|AGGLOS CREUX 20X20X50;LOT 1 : GROS OEUVRE ET DÉMOLITION;gros_oeuvre;BATIMENT PRINCIPAL;ETAGE 1;Agglos creux 20x20x50;339.74;m2;3799991.9;3799991.9;3494472.55;0.08040000032631649;3494472.55;305519.35;IMPORT;OK
DQE-000067;LOT 1 : GROS OEUVRE ET DÉMOLITION|BATIMENT PRINCIPAL|ETAGE 1|ENDUIT;LOT 1 : GROS OEUVRE ET DÉMOLITION;gros_oeuvre;BATIMENT PRINCIPAL;ETAGE 1;Enduits intérieurs et extérieurs sur murs;679.47;m2;2600331.69;2600331.69;2391265.02;0.08040000081681888;2391265.02;209066.67;IMPORT;OK
DQE-000068;LOT 1 : GROS OEUVRE ET DÉMOLITION|BATIMENT PRINCIPAL|ETAGE 1|ENDUIT;LOT 1 : GROS OEUVRE ET DÉMOLITION;gros_oeuvre;BATIMENT PRINCIPAL;ETAGE 1;Enduits sous plafond;581.0;m2;2223487.0;2223487.0;2044718.65;0.08039999784122867;2044718.65;178768.35;IMPORT;OK
DQE-000069;LOT 1 : GROS OEUVRE ET DÉMOLITION|BATIMENT PRINCIPAL|ETAGE 2|BÉTON 400;LOT 1 : GROS OEUVRE ET DÉMOLITION;gros_oeuvre;BATIMENT PRINCIPAL;ETAGE 2;Béton 400;0.83;m3;157015.25;157015.25;144391.22;0.0804000248383517;144391.22;12624.03;IMPORT;OK
DQE-000070;LOT 1 : GROS OEUVRE ET DÉMOLITION|BATIMENT PRINCIPAL|ETAGE 2|COFFRAGE;LOT 1 : GROS OEUVRE ET DÉMOLITION;gros_oeuvre;BATIMENT PRINCIPAL;ETAGE 2;Coffrage;13.2;m2;75900.0;75900.0;69797.64;0.0804;69797.64;6102.36;IMPORT;OK
DQE-000071;LOT 1 : GROS OEUVRE ET DÉMOLITION|BATIMENT PRINCIPAL|ETAGE 2|ACIER;LOT 1 : GROS OEUVRE ET DÉMOLITION;gros_oeuvre;BATIMENT PRINCIPAL;ETAGE 2;Acier;99.6;kg;137448.0;137448.0;126397.18;0.08040000582038298;126397.18;11050.82;IMPORT;OK
DQE-000072;LOT 1 : GROS OEUVRE ET DÉMOLITION|BATIMENT PRINCIPAL|ETAGE 2|BÉTON 350;LOT 1 : GROS OEUVRE ET DÉMOLITION;gros_oeuvre;BATIMENT PRINCIPAL;ETAGE 2;Béton 350;1.33;m3;251602.75;251602.75;231373.89;0.08039999562802871;231373.89;20228.86;IMPORT;OK
DQE-000073;LOT 1 : GROS OEUVRE ET DÉMOLITION|BATIMENT PRINCIPAL|ETAGE 2|COFFRAGE;LOT 1 : GROS OEUVRE ET DÉMOLITION;gros_oeuvre;BATIMENT PRINCIPAL;ETAGE 2;Coffrage;16.68;m2;95910.0;95910.0;88198.84;0.08039995829423417;88198.84;7711.16;IMPORT;OK
DQE-000074;LOT 1 : GROS OEUVRE ET DÉMOLITION|BATIMENT PRINCIPAL|ETAGE 2|ACIER;LOT 1 : GROS OEUVRE ET DÉMOLITION;gros_oeuvre;BATIMENT PRINCIPAL;ETAGE 2;Acier;172.9;kg;238602.0;238602.0;219418.4;0.08039999664713623;219418.4;19183.6;IMPORT;OK
DQE-000075;LOT 1 : GROS OEUVRE ET DÉMOLITION|BATIMENT PRINCIPAL|ETAGE 2|BÉTON 350;LOT 1 : GROS OEUVRE ET DÉMOLITION;gros_oeuvre;BATIMENT PRINCIPAL;ETAGE 2;Béton 350;4.77;m3;902364.75;902364.75;829814.62;0.0804000045436172;829814.62;72550.13;IMPORT;OK
DQE-000076;LOT 1 : GROS OEUVRE ET DÉMOLITION|BATIMENT PRINCIPAL|ETAGE 2|COFFRAGE;LOT 1 : GROS OEUVRE ET DÉMOLITION;gros_oeuvre;BATIMENT PRINCIPAL;ETAGE 2;Coffrage;71.52;m2;411240.0;411240.0;378176.3;0.08040000972668028;378176.3;33063.7;IMPORT;OK
DQE-000077;LOT 1 : GROS OEUVRE ET DÉMOLITION|BATIMENT PRINCIPAL|ETAGE 2|ACIER;LOT 1 : GROS OEUVRE ET DÉMOLITION;gros_oeuvre;BATIMENT PRINCIPAL;ETAGE 2;Acier;333.9;kg;460782.0;460782.0;423735.13;0.08039999392337376;423735.13;37046.87;IMPORT;OK
DQE-000078;LOT 1 : GROS OEUVRE ET DÉMOLITION|BATIMENT PRINCIPAL|ETAGE 2|BÉTON 350;LOT 1 : GROS OEUVRE ET DÉMOLITION;gros_oeuvre;BATIMENT PRINCIPAL;ETAGE 2;Béton 350;2.88;m3;544824.0;544824.0;501020.15;0.08040000073418205;501020.15;43803.85;IMPORT;OK
DQE-000079;LOT 1 : GROS OEUVRE ET DÉMOLITION|BATIMENT PRINCIPAL|ETAGE 2|HOURDIS;LOT 1 : GROS OEUVRE ET DÉMOLITION;gros_oeuvre;BATIMENT PRINCIPAL;ETAGE 2;Hourdis;24.0;m2;341544.0;341544.0;314083.86;0.08040000702691308;314083.86;27460.14;IMPORT;OK
DQE-000080;LOT 1 : GROS OEUVRE ET DÉMOLITION|BATIMENT PRINCIPAL|ETAGE 2|COFFRAGE;LOT 1 : GROS OEUVRE ET DÉMOLITION;gros_oeuvre;BATIMENT PRINCIPAL;ETAGE 2;Coffrage;24.0;m2;138000.0;138000.0;126904.8;0.0804;126904.8;11095.2;IMPORT;OK
DQE-000081;LOT 1 : GROS OEUVRE ET DÉMOLITION|BATIMENT PRINCIPAL|ETAGE 2|ACIER;LOT 1 : GROS OEUVRE ET DÉMOLITION;gros_oeuvre;BATIMENT PRINCIPAL;ETAGE 2;Acier;259.0;kg;357420.0;357420.0;328683.43;0.08040000559565777;328683.43;28736.57;IMPORT;OK
DQE-000082;LOT 1 : GROS OEUVRE ET DÉMOLITION|BATIMENT PRINCIPAL|ETAGE 2|AGGLOS CREUX 20X20X50;LOT 1 : GROS OEUVRE ET DÉMOLITION;gros_oeuvre;BATIMENT PRINCIPAL;ETAGE 2;Agglos creux 20x20x50;339.74;m2;3799991.9;3799991.9;3494472.55;0.08040000032631649;3494472.55;305519.35;IMPORT;OK
DQE-000083;LOT 1 : GROS OEUVRE ET DÉMOLITION|BATIMENT PRINCIPAL|ETAGE 2|ENDUIT;LOT 1 : GROS OEUVRE ET DÉMOLITION;gros_oeuvre;BATIMENT PRINCIPAL;ETAGE 2;Enduits intérieurs et extérieurs sur murs;679.47;m2;2600331.69;2600331.69;2391265.02;0.08040000081681888;2391265.02;209066.67;IMPORT;OK
DQE-000084;LOT 1 : GROS OEUVRE ET DÉMOLITION|BATIMENT PRINCIPAL|ETAGE 2|ENDUIT;LOT 1 : GROS OEUVRE ET DÉMOLITION;gros_oeuvre;BATIMENT PRINCIPAL;ETAGE 2;Enduits sous plafond;581.0;m2;2223487.0;2223487.0;2044718.65;0.08039999784122867;2044718.65;178768.35;IMPORT;OK
DQE-000085;LOT 1 : GROS OEUVRE ET DÉMOLITION|BATIMENT PRINCIPAL|ETAGE 2|FINITION DES TABLEAUX;LOT 1 : GROS OEUVRE ET DÉMOLITION;gros_oeuvre;BATIMENT PRINCIPAL;ETAGE 2;Finition des tableaux;1.0;ens;2344172.0;2344172.0;2155700.57;0.08040000051190782;2155700.57;188471.43;IMPORT;OK
DQE-000086;LOT 1 : GROS OEUVRE ET DÉMOLITION|BATIMENT PRINCIPAL|GLOBAL|BÉTON 400;LOT 1 : GROS OEUVRE ET DÉMOLITION;gros_oeuvre;BATIMENT PRINCIPAL;GLOBAL;Béton 400;3.96;m3;749133.0;749133.0;688902.71;0.08039999572839536;688902.71;60230.29;IMPORT;OK
DQE-000087;LOT 1 : GROS OEUVRE ET DÉMOLITION|BATIMENT PRINCIPAL|GLOBAL|COFFRAGE;LOT 1 : GROS OEUVRE ET DÉMOLITION;gros_oeuvre;BATIMENT PRINCIPAL;GLOBAL;Coffrage;66.0;m2;379500.0;379500.0;348988.2;0.0804;348988.2;30511.8;IMPORT;OK
DQE-000088;LOT 1 : GROS OEUVRE ET DÉMOLITION|BATIMENT PRINCIPAL|GLOBAL|ACIER;LOT 1 : GROS OEUVRE ET DÉMOLITION;gros_oeuvre;BATIMENT PRINCIPAL;GLOBAL;Acier;475.2;kg;655776.0;655776.0;603051.61;0.08039999939003561;603051.61;52724.39;IMPORT;OK
DQE-000089;LOT 1 : GROS OEUVRE ET DÉMOLITION|BATIMENT PRINCIPAL|GLOBAL|BÉTON 350;LOT 1 : GROS OEUVRE ET DÉMOLITION;gros_oeuvre;BATIMENT PRINCIPAL;GLOBAL;Béton 350;14.49;m3;2741145.75;2741145.75;2520757.63;0.08040000062017862;2520757.63;220388.12;IMPORT;OK
DQE-000090;LOT 1 : GROS OEUVRE ET DÉMOLITION|BATIMENT PRINCIPAL|GLOBAL|COFFRAGE;LOT 1 : GROS OEUVRE ET DÉMOLITION;gros_oeuvre;BATIMENT PRINCIPAL;GLOBAL;Coffrage;181.1;m2;1041325.0;1041325.0;957602.47;0.0804;957602.47;83722.53;IMPORT;OK
DQE-000091;LOT 1 : GROS OEUVRE ET DÉMOLITION|BATIMENT PRINCIPAL|GLOBAL|ACIER;LOT 1 : GROS OEUVRE ET DÉMOLITION;gros_oeuvre;BATIMENT PRINCIPAL;GLOBAL;Acier;1883.7;kg;2599506.0;2599506.0;2390505.72;0.08039999907674766;2390505.72;209000.28;IMPORT;OK
DQE-000092;LOT 1 : GROS OEUVRE ET DÉMOLITION|BATIMENT PRINCIPAL|GLOBAL|BÉTON 350;LOT 1 : GROS OEUVRE ET DÉMOLITION;gros_oeuvre;BATIMENT PRINCIPAL;GLOBAL;Béton 350;21.9;m3;4142932.5;4142932.5;3809840.73;0.08039999927587524;3809840.73;333091.77;IMPORT;OK
DQE-000093;LOT 1 : GROS OEUVRE ET DÉMOLITION|BATIMENT PRINCIPAL|GLOBAL|COFFRAGE;LOT 1 : GROS OEUVRE ET DÉMOLITION;gros_oeuvre;BATIMENT PRINCIPAL;GLOBAL;Coffrage;101.18;m2;581785.0;581785.0;535009.49;0.0803999931246079;535009.49;46775.51;IMPORT;OK
DQE-000094;LOT 1 : GROS OEUVRE ET DÉMOLITION|BATIMENT PRINCIPAL|GLOBAL|ACIER;LOT 1 : GROS OEUVRE ET DÉMOLITION;gros_oeuvre;BATIMENT PRINCIPAL;GLOBAL;Acier;2628.0;kg;3626640.0;3626640.0;3335058.14;0.08040000110294929;3335058.14;291581.86;IMPORT;OK
DQE-000095;LOT 1 : GROS OEUVRE ET DÉMOLITION|BATIMENT PRINCIPAL|GLOBAL|BÉTON 350;LOT 1 : GROS OEUVRE ET DÉMOLITION;gros_oeuvre;BATIMENT PRINCIPAL;GLOBAL;Béton 350;2.64;m3;499422.0;499422.0;459268.47;0.08040000240277762;459268.47;40153.53;IMPORT;OK
DQE-000096;LOT 1 : GROS OEUVRE ET DÉMOLITION|BATIMENT PRINCIPAL|GLOBAL|COFFRAGE;LOT 1 : GROS OEUVRE ET DÉMOLITION;gros_oeuvre;BATIMENT PRINCIPAL;GLOBAL;Coffrage;39.58;m2;227585.0;227585.0;209287.17;0.08039998242414922;209287.17;18297.83;IMPORT;OK
DQE-000097;LOT 1 : GROS OEUVRE ET DÉMOLITION|BATIMENT PRINCIPAL|GLOBAL|ACIER;LOT 1 : GROS OEUVRE ET DÉMOLITION;gros_oeuvre;BATIMENT PRINCIPAL;GLOBAL;Acier;184.8;kg;255024.0;255024.0;234520.07;0.08040000156847983;234520.07;20503.93;IMPORT;OK
DQE-000098;LOT 1 : GROS OEUVRE ET DÉMOLITION|BATIMENT PRINCIPAL|GLOBAL|BÉTON 350;LOT 1 : GROS OEUVRE ET DÉMOLITION;gros_oeuvre;BATIMENT PRINCIPAL;GLOBAL;Béton 350;5.76;m3;1089648.0;1089648.0;1002040.3;0.08040000073418205;1002040.3;87607.7;IMPORT;OK
DQE-000099;LOT 1 : GROS OEUVRE ET DÉMOLITION|BATIMENT PRINCIPAL|GLOBAL|COFFRAGE;LOT 1 : GROS OEUVRE ET DÉMOLITION;gros_oeuvre;BATIMENT PRINCIPAL;GLOBAL;Coffrage;16.22;m2;93265.0;93265.0;85766.49;0.0804000428885434;85766.49;7498.51;IMPORT;OK
DQE-000100;LOT 1 : GROS OEUVRE ET DÉMOLITION|BATIMENT PRINCIPAL|GLOBAL|ACIER;LOT 1 : GROS OEUVRE ET DÉMOLITION;gros_oeuvre;BATIMENT PRINCIPAL;GLOBAL;Acier;184.8;kg;255024.0;255024.0;234520.07;0.08040000156847983;234520.07;20503.93;IMPORT;OK
DQE-000101;LOT 1 : GROS OEUVRE ET DÉMOLITION|BATIMENT PRINCIPAL|GLOBAL|BÉTON 350;LOT 1 : GROS OEUVRE ET DÉMOLITION;gros_oeuvre;BATIMENT PRINCIPAL;GLOBAL;Béton 350;28.56;m3;5402838.0;5402838.0;4968449.82;0.08040000088842197;4968449.82;434388.18;IMPORT;OK
DQE-000102;LOT 1 : GROS OEUVRE ET DÉMOLITION|BATIMENT PRINCIPAL|GLOBAL|HOURDIS;LOT 1 : GROS OEUVRE ET DÉMOLITION;gros_oeuvre;BATIMENT PRINCIPAL;GLOBAL;Hourdis;238.0;m2;3386978.0;3386978.0;3114664.97;0.08039999964570187;3114664.97;272313.03;IMPORT;OK
DQE-000103;LOT 1 : GROS OEUVRE ET DÉMOLITION|BATIMENT PRINCIPAL|GLOBAL|COFFRAGE;LOT 1 : GROS OEUVRE ET DÉMOLITION;gros_oeuvre;BATIMENT PRINCIPAL;GLOBAL;Coffrage;238.0;m2;1368500.0;1368500.0;1258472.6;0.0804;1258472.6;110027.4;IMPORT;OK
DQE-000104;LOT 1 : GROS OEUVRE ET DÉMOLITION|BATIMENT PRINCIPAL|GLOBAL|ACIER;LOT 1 : GROS OEUVRE ET DÉMOLITION;gros_oeuvre;BATIMENT PRINCIPAL;GLOBAL;Acier;2570.0;kg;3546600.0;3546600.0;3261453.36;0.0804;3261453.36;285146.64;IMPORT;OK
DQE-000105;LOT 1 : GROS OEUVRE ET DÉMOLITION|BATIMENT PRINCIPAL|GLOBAL|AGGLOS CREUX 20X20X50;LOT 1 : GROS OEUVRE ET DÉMOLITION;gros_oeuvre;BATIMENT PRINCIPAL;GLOBAL;Agglos creux 20x20x50;599.38;m2;6704065.3;6704065.3;6165058.45;0.08039999998210041;6165058.45;539006.85;IMPORT;OK
DQE-000106;LOT 1 : GROS OEUVRE ET DÉMOLITION|BATIMENT PRINCIPAL|GLOBAL|ENDUIT;LOT 1 : GROS OEUVRE ET DÉMOLITION;gros_oeuvre;BATIMENT PRINCIPAL;GLOBAL;Enduits intérieurs et extérieurs sur murs;1198.76;m2;4587655.52;4587655.52;4218808.02;0.0803999991699464;4218808.02;368847.5;IMPORT;OK
DQE-000107;LOT 1 : GROS OEUVRE ET DÉMOLITION|BATIMENT PRINCIPAL|GLOBAL|ENDUIT;LOT 1 : GROS OEUVRE ET DÉMOLITION;gros_oeuvre;BATIMENT PRINCIPAL;GLOBAL;Enduits sous plafond;238.0;m2;910826.0;910826.0;837595.59;0.08039999956083818;837595.59;73230.41;IMPORT;OK
DQE-000108;LOT 1 : GROS OEUVRE ET DÉMOLITION|BATIMENT PRINCIPAL|GLOBAL|FINITION DES TABLEAUX;LOT 1 : GROS OEUVRE ET DÉMOLITION;gros_oeuvre;BATIMENT PRINCIPAL;GLOBAL;Finition des tableaux;1.0;ens;4135722.0;4135722.0;3803209.95;0.0804000002901549;3803209.95;332512.05;IMPORT;OK
DQE-000109;LOT 1 : GROS OEUVRE ET DÉMOLITION|BATIMENT PRINCIPAL|GLOBAL|BÉTON 400;LOT 1 : GROS OEUVRE ET DÉMOLITION;gros_oeuvre;BATIMENT PRINCIPAL;GLOBAL;Béton 400;3.56;m3;673463.0;673463.0;619316.57;0.08040000712734033;619316.57;54146.43;IMPORT;OK
DQE-000110;LOT 1 : GROS OEUVRE ET DÉMOLITION|BATIMENT PRINCIPAL|GLOBAL|COFFRAGE;LOT 1 : GROS OEUVRE ET DÉMOLITION;gros_oeuvre;BATIMENT PRINCIPAL;GLOBAL;Coffrage;58.08;m2;333960.0;333960.0;307109.62;0.08039998802251767;307109.62;26850.38;IMPORT;OK
DQE-000111;LOT 1 : GROS OEUVRE ET DÉMOLITION|BATIMENT PRINCIPAL|GLOBAL|ACIER;LOT 1 : GROS OEUVRE ET DÉMOLITION;gros_oeuvre;BATIMENT PRINCIPAL;GLOBAL;Acier;427.2;kg;589536.0;589536.0;542137.31;0.08039999253650329;542137.31;47398.69;IMPORT;OK
DQE-000112;LOT 1 : GROS OEUVRE ET DÉMOLITION|BATIMENT PRINCIPAL|GLOBAL|BÉTON 350;LOT 1 : GROS OEUVRE ET DÉMOLITION;gros_oeuvre;BATIMENT PRINCIPAL;GLOBAL;Béton 350;10.76;m3;2035523.0;2035523.0;1871866.95;0.08040000039301938;1871866.95;163656.05;IMPORT;OK
DQE-000113;LOT 1 : GROS OEUVRE ET DÉMOLITION|BATIMENT PRINCIPAL|GLOBAL|COFFRAGE;LOT 1 : GROS OEUVRE ET DÉMOLITION;gros_oeuvre;BATIMENT PRINCIPAL;GLOBAL;Coffrage;134.5;m2;773375.0;773375.0;711195.65;0.0804;711195.65;62179.35;IMPORT;OK
DQE-000114;LOT 1 : GROS OEUVRE ET DÉMOLITION|BATIMENT PRINCIPAL|GLOBAL|ACIER;LOT 1 : GROS OEUVRE ET DÉMOLITION;gros_oeuvre;BATIMENT PRINCIPAL;GLOBAL;Acier;1398.8;kg;1930344.0;1930344.0;1775144.34;0.08040000124330171;1775144.34;155199.66;IMPORT;OK
DQE-000115;LOT 1 : GROS OEUVRE ET DÉMOLITION|BATIMENT PRINCIPAL|GLOBAL|BÉTON 350;LOT 1 : GROS OEUVRE ET DÉMOLITION;gros_oeuvre;BATIMENT PRINCIPAL;GLOBAL;Béton 350;2.01;m3;380241.75;380241.75;349670.31;0.08040000867868928;349670.31;30571.44;IMPORT;OK
DQE-000116;LOT 1 : GROS OEUVRE ET DÉMOLITION|BATIMENT PRINCIPAL|GLOBAL|COFFRAGE;LOT 1 : GROS OEUVRE ET DÉMOLITION;gros_oeuvre;BATIMENT PRINCIPAL;GLOBAL;Coffrage;30.2;m2;173650.0;173650.0;159688.54;0.0804;159688.54;13961.46;IMPORT;OK
DQE-000117;LOT 1 : GROS OEUVRE ET DÉMOLITION|BATIMENT PRINCIPAL|GLOBAL|ACIER;LOT 1 : GROS OEUVRE ET DÉMOLITION;gros_oeuvre;BATIMENT PRINCIPAL;GLOBAL;Acier;140.7;kg;194166.0;194166.0;178555.05;0.0804000185408362;178555.05;15610.95;IMPORT;OK
DQE-000118;LOT 1 : GROS OEUVRE ET DÉMOLITION|BATIMENT PRINCIPAL|GLOBAL|BÉTON 350;LOT 1 : GROS OEUVRE ET DÉMOLITION;gros_oeuvre;BATIMENT PRINCIPAL;GLOBAL;Béton 350;21.84;m3;4131582.0;4131582.0;3799402.81;0.0803999993222935;3799402.81;332179.19;IMPORT;OK
DQE-000119;LOT 1 : GROS OEUVRE ET DÉMOLITION|BATIMENT PRINCIPAL|GLOBAL|HOURDIS;LOT 1 : GROS OEUVRE ET DÉMOLITION;gros_oeuvre;BATIMENT PRINCIPAL;GLOBAL;Hourdis;182.0;m2;2590042.0;2590042.0;2381802.62;0.0804000012355012;2381802.62;208239.38;IMPORT;OK
DQE-000120;LOT 1 : GROS OEUVRE ET DÉMOLITION|BATIMENT PRINCIPAL|GLOBAL|COFFRAGE;LOT 1 : GROS OEUVRE ET DÉMOLITION;gros_oeuvre;BATIMENT PRINCIPAL;GLOBAL;Coffrage;182.0;m2;1046500.0;1046500.0;962361.4;0.0804;962361.4;84138.6;IMPORT;OK
DQE-000121;LOT 1 : GROS OEUVRE ET DÉMOLITION|BATIMENT PRINCIPAL|GLOBAL|ACIER;LOT 1 : GROS OEUVRE ET DÉMOLITION;gros_oeuvre;BATIMENT PRINCIPAL;GLOBAL;Acier;1966.0;kg;2713080.0;2713080.0;2494948.37;0.08039999926283044;2494948.37;218131.63;IMPORT;OK
DQE-000122;LOT 1 : GROS OEUVRE ET DÉMOLITION|BATIMENT PRINCIPAL|GLOBAL|AGGLOS CREUX 20X20X50;LOT 1 : GROS OEUVRE ET DÉMOLITION;gros_oeuvre;BATIMENT PRINCIPAL;GLOBAL;Agglos creux 20x20x50;387.82;m2;4337767.7;4337767.7;3989011.18;0.08039999928995736;3989011.18;348756.52;IMPORT;OK
DQE-000123;LOT 1 : GROS OEUVRE ET DÉMOLITION|BATIMENT PRINCIPAL|GLOBAL|ENDUIT;LOT 1 : GROS OEUVRE ET DÉMOLITION;gros_oeuvre;BATIMENT PRINCIPAL;GLOBAL;Enduits intérieurs et extérieurs sur murs;775.63;m2;2968336.01;2968336.01;2729681.79;0.08040000161572006;2729681.79;238654.22;IMPORT;OK
DQE-000124;LOT 1 : GROS OEUVRE ET DÉMOLITION|BATIMENT PRINCIPAL|GLOBAL|ENDUIT;LOT 1 : GROS OEUVRE ET DÉMOLITION;gros_oeuvre;BATIMENT PRINCIPAL;GLOBAL;Enduits sous plafond;182.0;m2;696514.0;696514.0;640514.27;0.08040000631717381;640514.27;55999.73;IMPORT;OK
DQE-000125;LOT 2 : ETANCHÉITÉ|BATIMENT PRINCIPAL|ETAGE 1|REVÊTEMENT MONOCOUCHE;LOT 2 : ETANCHÉITÉ;default;BATIMENT PRINCIPAL;ETAGE 1;Revêtement monocouche;107.66;m2;1859934.16;1859934.16;1554904.96;0.1639999987956563;1554904.96;305029.2;IMPORT;OK
DQE-000126;LOT 2 : ETANCHÉITÉ|BATIMENT PRINCIPAL|ETAGE 1|RELEVÉ D'ÉTANCHÉITÉ H=50 CM;LOT 2 : ETANCHÉITÉ;default;BATIMENT PRINCIPAL;ETAGE 1;Relevé d'étanchéité h=50 cm;182.88;ml;1579575.08;1579575.08;1320524.77;0.16399999802478524;1320524.77;259050.31;IMPORT;OK
DQE-000127;LOT 2 : ETANCHÉITÉ|BATIMENT PRINCIPAL|ETAGE 2|REVÊTEMENT MONOCOUCHE;LOT 2 : ETANCHÉITÉ;default;BATIMENT PRINCIPAL;ETAGE 2;Revêtement monocouche;99.69;m2;1722244.44;1722244.44;1439796.35;0.16400000106837334;1439796.35;282448.09;IMPORT;OK
DQE-000128;LOT 2 : ETANCHÉITÉ|BATIMENT PRINCIPAL|ETAGE 2|RELEVÉ D'ÉTANCHÉITÉ H=50 CM;LOT 2 : ETANCHÉITÉ;default;BATIMENT PRINCIPAL;ETAGE 2;Relevé d'étanchéité h=50 cm;159.12;ml;1374955.92;1374955.92;1149463.15;0.16399999935997947;1149463.15;225492.77;IMPORT;OK
DQE-000129;LOT 2 : ETANCHÉITÉ|BATIMENT PRINCIPAL|GLOBAL|REVÊTEMENT MONOCOUCHE;LOT 2 : ETANCHÉITÉ;default;BATIMENT PRINCIPAL;GLOBAL;Revêtement monocouche;24.95;m2;430936.2;430936.2;360262.66;0.16400000742569315;360262.66;70673.54;IMPORT;OK
DQE-000130;LOT 2 : ETANCHÉITÉ|BATIMENT PRINCIPAL|GLOBAL|RELEVÉ D'ÉTANCHÉITÉ H=50 CM;LOT 2 : ETANCHÉITÉ;default;BATIMENT PRINCIPAL;GLOBAL;Relevé d'étanchéité h=50 cm;56.14;ml;485105.74;485105.74;405548.4;0.1639999971964875;405548.4;79557.34;IMPORT;OK
DQE-000131;LOT 2 : ETANCHÉITÉ|BATIMENT PRINCIPAL|GLOBAL|FORME DE PENTE;LOT 2 : ETANCHÉITÉ;default;BATIMENT PRINCIPAL;GLOBAL;Forme de pente;320.0;m2;3773760.0;3773760.0;3154863.36;0.164;3154863.36;618896.64;IMPORT;OK
DQE-000132;LOT 2 : ETANCHÉITÉ|BATIMENT PRINCIPAL|GLOBAL|REVÊTEMENT BICOUCHE SOUS PROTECTION LOURDE;LOT 2 : ETANCHÉITÉ;default;BATIMENT PRINCIPAL;GLOBAL;Revêtement bicouche sous protection lourde;320.0;m2;11056640.0;11056640.0;9243351.04;0.164;9243351.04;1813288.96;IMPORT;OK
DQE-000133;LOT 2 : ETANCHÉITÉ|BATIMENT PRINCIPAL|GLOBAL|RELEVÉ D'ÉTANCHÉITÉ H=50 CM;LOT 2 : ETANCHÉITÉ;default;BATIMENT PRINCIPAL;GLOBAL;Relevé d'étanchéité h=50 cm;120.0;ml;1036920.0;1036920.0;866865.12;0.164;866865.12;170054.88;IMPORT;OK
DQE-000134;LOT 2 : ETANCHÉITÉ|BATIMENT PRINCIPAL|GLOBAL|FORME DE PENTE;LOT 2 : ETANCHÉITÉ;default;BATIMENT PRINCIPAL;GLOBAL;Forme de pente;56.75;m2;669252.75;669252.75;559495.3;0.1639999985057962;559495.3;109757.45;IMPORT;OK
DQE-000135;LOT 2 : ETANCHÉITÉ|BATIMENT PRINCIPAL|GLOBAL|REVÊTEMENT MONOCOUCHE SOUS PROTECTION LOURDE;LOT 2 : ETANCHÉITÉ;default;BATIMENT PRINCIPAL;GLOBAL;Revêtement monocouche sous protection lourde;56.75;m2;980413.0;980413.0;819625.27;0.1639999979600434;819625.27;160787.73;IMPORT;OK
DQE-000136;LOT 2 : ETANCHÉITÉ|BATIMENT PRINCIPAL|GLOBAL|RELEVÉ D'ÉTANCHÉITÉ H=50 CM;LOT 2 : ETANCHÉITÉ;default;BATIMENT PRINCIPAL;GLOBAL;Relevé d'étanchéité h=50 cm;36.0;ml;311076.0;311076.0;260059.54;0.16399998714140596;260059.54;51016.46;IMPORT;OK
DQE-000137;LOT 2 : ETANCHÉITÉ|BATIMENT PRINCIPAL|GLOBAL|REVÊTEMENT MONOCOUCHE;LOT 2 : ETANCHÉITÉ;default;BATIMENT PRINCIPAL;GLOBAL;Revêtement monocouche;55.52;m2;959163.52;959163.52;801860.7;0.16400000283580426;801860.7;157302.82;IMPORT;OK
DQE-000138;LOT 2 : ETANCHÉITÉ|BATIMENT PRINCIPAL|GLOBAL|RELEVÉ D'ÉTANCHÉITÉ H=50 CM;LOT 2 : ETANCHÉITÉ;default;BATIMENT PRINCIPAL;GLOBAL;Relevé d'étanchéité h=50 cm;89.96;ml;777344.36;777344.36;649859.88;0.1640000063806985;649859.88;127484.48;IMPORT;OK
DQE-000139;LOT 2 : ETANCHÉITÉ|BATIMENT PRINCIPAL|GLOBAL|FORME DE PENTE;LOT 2 : ETANCHÉITÉ;default;BATIMENT PRINCIPAL;GLOBAL;Forme de pente;83.0;m2;978819.0;978819.0;818292.68;0.16400000408655738;818292.68;160526.32;IMPORT;OK
DQE-000140;LOT 2 : ETANCHÉITÉ|BATIMENT PRINCIPAL|GLOBAL|REVÊTEMENT MONOCOUCHE SOUS PROTECTION;LOT 2 : ETANCHÉITÉ;default;BATIMENT PRINCIPAL;GLOBAL;Revêtement monocouche sous protection;83.0;m2;1433908.0;1433908.0;1198747.09;0.1639999986052104;1198747.09;235160.91;IMPORT;OK
DQE-000141;LOT 2 : ETANCHÉITÉ|BATIMENT PRINCIPAL|GLOBAL|RELEVÉ D'ÉTANCHÉITÉ H=50 CM;LOT 2 : ETANCHÉITÉ;default;BATIMENT PRINCIPAL;GLOBAL;Relevé d'étanchéité h=50 cm;11.87;ml;102568.67;102568.67;85747.41;0.16399998167081623;85747.41;16821.26;IMPORT;OK
DQE-000142;LOT 2 : ETANCHÉITÉ|BATIMENT ANNEXE|ETAGE 1|REVÊTEMENT BICOUCHE;LOT 2 : ETANCHÉITÉ;default;BATIMENT ANNEXE;ETAGE 1;Revêtement bicouche;61.54;m2;1063165.04;1063165.04;888805.97;0.16400000323562183;888805.97;174359.07;IMPORT;OK
DQE-000143;LOT 2 : ETANCHÉITÉ|BATIMENT ANNEXE|ETAGE 1|RELEVÉ D'ÉTANCHÉITÉ H=50 CM;LOT 2 : ETANCHÉITÉ;default;BATIMENT ANNEXE;ETAGE 1;Relevé d'étanchéité h=50 cm;77.72;ml;671579.72;671579.72;561440.65;0.1639999939247719;561440.65;110139.07;IMPORT;OK
DQE-000144;LOT 2 : ETANCHÉITÉ|BATIMENT ANNEXE|ETAGE 1|FORME DE PENTE;LOT 2 : ETANCHÉITÉ;default;BATIMENT ANNEXE;ETAGE 1;Forme de pente;231.0;m2;2724183.0;2724183.0;2277416.99;0.16399999926583494;2277416.99;446766.01;IMPORT;OK
DQE-000145;LOT 2 : ETANCHÉITÉ|BATIMENT ANNEXE|ETAGE 1|REVÊTEMENT BICOUCHE SOUS PROTECTION;LOT 2 : ETANCHÉITÉ;default;BATIMENT ANNEXE;ETAGE 1;Revêtement bicouche sous protection;231.0;m2;3990756.0;3990756.0;3336272.02;0.16399999899768364;3336272.02;654483.98;IMPORT;OK
DQE-000146;LOT 2 : ETANCHÉITÉ|BATIMENT ANNEXE|ETAGE 1|RELEVÉ D'ÉTANCHÉITÉ H=50 CM;LOT 2 : ETANCHÉITÉ;default;BATIMENT ANNEXE;ETAGE 1;Relevé d'étanchéité h=50 cm;101.1;ml;873605.1;873605.1;730333.86;0.16400000412085505;730333.86;143271.24;IMPORT;OK
DQE-000147;LOT 3 : REVÊTEMENT DURS|BATIMENT PRINCIPAL|RDC|FAÏENCE MURALE EN GRANITE OU SIMILAIRE;LOT 3 : REVÊTEMENT DURS;default;BATIMENT PRINCIPAL;RDC;Faïence murale en granite ou similaire;314.59;m2;8863573.25;8863573.25;7409947.24;0.16399999966153606;7409947.24;1453626.01;IMPORT;OK
DQE-000148;LOT 3 : REVÊTEMENT DURS|BATIMENT PRINCIPAL|RDC|GRANITE TILE SARADO GREY-FLAMED 60X60;LOT 3 : REVÊTEMENT DURS;default;BATIMENT PRINCIPAL;RDC;Granite tile SARADO Grey-Flamed 60x60;559.0;m2;18964075.0;18964075.0;15853966.7;0.16399999999999998;15853966.7;3110108.3;IMPORT;OK
DQE-000149;LOT 3 : REVÊTEMENT DURS|BATIMENT PRINCIPAL|RDC|PLINTHE 10X60 GRANITE TILE SARADO GREY-FLAMED;LOT 3 : REVÊTEMENT DURS;default;BATIMENT PRINCIPAL;RDC;Plinthe 10x60 Granite tile SARADO Grey-Flamed;418.68;ml;2407410.0;2407410.0;2012594.76;0.164;2012594.76;394815.24;IMPORT;OK
DQE-000150;LOT 3 : REVÊTEMENT DURS|BATIMENT PRINCIPAL|ETAGE 1|FAÏENCE MURALE EN GRANITE OU SIMILAIRE;LOT 3 : REVÊTEMENT DURS;default;BATIMENT PRINCIPAL;ETAGE 1;Faïence murale en granite ou similaire;351.33;m2;9898722.75;9898722.75;8275332.22;0.16399999989897687;8275332.22;1623390.53;IMPORT;OK
DQE-000151;LOT 3 : REVÊTEMENT DURS|BATIMENT PRINCIPAL|ETAGE 1|GRANITE TILE SARADO GREY-FLAMED 60X60;LOT 3 : REVÊTEMENT DURS;default;BATIMENT PRINCIPAL;ETAGE 1;Granite tile SARADO Grey-Flamed 60x60;594.0;m2;20151450.0;20151450.0;16846612.2;0.16399999999999998;16846612.2;3304837.8;IMPORT;OK
DQE-000152;LOT 3 : REVÊTEMENT DURS|BATIMENT PRINCIPAL|ETAGE 1|PLINTHE 10X60 GRANITE TILE SARADO GREY-FLAMED;LOT 3 : REVÊTEMENT DURS;default;BATIMENT PRINCIPAL;ETAGE 1;Plinthe 10x60 Granite tile SARADO Grey-Flamed;494.58;ml;2843835.0;2843835.0;2377446.06;0.164;2377446.06;466388.94;IMPORT;OK
DQE-000153;LOT 3 : REVÊTEMENT DURS|BATIMENT PRINCIPAL|ETAGE 2|FAÏENCE MURALE EN GRANITE OU SIMILAIRE;LOT 3 : REVÊTEMENT DURS;default;BATIMENT PRINCIPAL;ETAGE 2;Faïence murale en granite ou similaire;278.2;m2;7838285.0;7838285.0;6552806.26;0.164;6552806.26;1285478.74;IMPORT;OK
DQE-000154;LOT 3 : REVÊTEMENT DURS|BATIMENT PRINCIPAL|ETAGE 2|GRANITE TILE SARADO GREY-FLAMED 60X60;LOT 3 : REVÊTEMENT DURS;default;BATIMENT PRINCIPAL;ETAGE 2;Granite tile SARADO Grey-Flamed 60x60;557.0;m2;18896225.0;18896225.0;15797244.1;0.164;15797244.1;3098980.9;IMPORT;OK
DQE-000155;LOT 3 : REVÊTEMENT DURS|BATIMENT PRINCIPAL|ETAGE 2|PLINTHE 10X60 GRANITE TILE SARADO GREY-FLAMED;LOT 3 : REVÊTEMENT DURS;default;BATIMENT PRINCIPAL;ETAGE 2;Plinthe 10x60 Granite tile SARADO Grey-Flamed;499.38;ml;2871435.0;2871435.0;2400519.66;0.164;2400519.66;470915.34;IMPORT;OK
DQE-000156;LOT 3 : REVÊTEMENT DURS|BATIMENT PRINCIPAL|GLOBAL|FAÏENCE MURALE EN GRANITE OU SIMILAIRE;LOT 3 : REVÊTEMENT DURS;default;BATIMENT PRINCIPAL;GLOBAL;Faïence murale en granite ou similaire;162.06;m2;4566040.5;4566040.5;3817209.86;0.16399999956198374;3817209.86;748830.64;IMPORT;OK
DQE-000157;LOT 3 : REVÊTEMENT DURS|BATIMENT PRINCIPAL|GLOBAL|GRANITE TILE SARADO GREY-FLAMED 60X60;LOT 3 : REVÊTEMENT DURS;default;BATIMENT PRINCIPAL;GLOBAL;Granite tile SARADO Grey-Flamed 60x60;557.0;m2;18896225.0;18896225.0;15797244.1;0.164;15797244.1;3098980.9;IMPORT;OK
DQE-000158;LOT 3 : REVÊTEMENT DURS|BATIMENT PRINCIPAL|GLOBAL|PLINTHE 10X60 GRANITE TILE SARADO GREY-FLAMED;LOT 3 : REVÊTEMENT DURS;default;BATIMENT PRINCIPAL;GLOBAL;Plinthe 10x60 Granite tile SARADO Grey-Flamed;300.82;ml;1729715.0;1729715.0;1446041.74;0.164;1446041.74;283673.26;IMPORT;OK
DQE-000159;LOT 3 : REVÊTEMENT DURS|BATIMENT PRINCIPAL|GLOBAL|FAÏENCE MURALE EN GRANITE OU SIMILAIRE;LOT 3 : REVÊTEMENT DURS;default;BATIMENT PRINCIPAL;GLOBAL;Faïence murale en granite ou similaire;99.33;m2;2798622.75;2798622.75;2339648.62;0.1639999996426814;2339648.62;458974.13;IMPORT;OK
DQE-000160;LOT 3 : REVÊTEMENT DURS|BATIMENT PRINCIPAL|GLOBAL|GRANITE TILE SARADO GREY-FLAMED 60X60;LOT 3 : REVÊTEMENT DURS;default;BATIMENT PRINCIPAL;GLOBAL;Granite tile SARADO Grey-Flamed 60x60;182.0;m2;6174350.0;6174350.0;5161756.6;0.164;5161756.6;1012593.4;IMPORT;OK
DQE-000161;LOT 3 : REVÊTEMENT DURS|BATIMENT PRINCIPAL|GLOBAL|PLINTHE 10X60 GRANITE TILE SARADO GREY-FLAMED;LOT 3 : REVÊTEMENT DURS;default;BATIMENT PRINCIPAL;GLOBAL;Plinthe 10x60 Granite tile SARADO Grey-Flamed;172.84;ml;993830.0;993830.0;830841.88;0.164;830841.88;162988.12;IMPORT;OK
DQE-000162;LOT 3 : REVÊTEMENT DURS|BATIMENT ANNEXE|RDC|FAÏENCE MURALE EN GRANITE OU SIMILAIRE;LOT 3 : REVÊTEMENT DURS;default;BATIMENT ANNEXE;RDC;Faïence murale en granite ou similaire;87.52;m2;2465876.0;2465876.0;2061472.34;0.16399999837785842;2061472.34;404403.66;IMPORT;OK
DQE-000163;LOT 3 : REVÊTEMENT DURS|BATIMENT ANNEXE|RDC|FAÏENCE MURALE EN GRANITE OU SIMILAIRE;LOT 3 : REVÊTEMENT DURS;default;BATIMENT ANNEXE;RDC;Faïence murale en granite ou similaire;56.71;m2;1597804.25;1597804.25;1335764.35;0.16400000187757668;1335764.35;262039.9;IMPORT;OK
DQE-000164;LOT 3 : REVÊTEMENT DURS|BATIMENT ANNEXE|RDC|TABLE DE TRAVAIL EN GRANITE OU SIMILAIRE;LOT 3 : REVÊTEMENT DURS;default;BATIMENT ANNEXE;RDC;Table de travail en granite ou similaire;5.19;ml;2685825.0;2685825.0;2245349.7;0.164;2245349.7;440475.3;IMPORT;OK
DQE-000165;LOT 3 : REVÊTEMENT DURS|BATIMENT ANNEXE|RDC|GRANITE TILE SARADO GREY-FLAMED 60X60;LOT 3 : REVÊTEMENT DURS;default;BATIMENT ANNEXE;RDC;Granite tile SARADO Grey-Flamed 60x60;210.0;m2;7124250.0;7124250.0;5955873.0;0.164;5955873.0;1168377.0;IMPORT;OK
DQE-000166;LOT 3 : REVÊTEMENT DURS|BATIMENT ANNEXE|RDC|PLINTHE 10X60 GRANITE TILE SARADO GREY-FLAMED;LOT 3 : REVÊTEMENT DURS;default;BATIMENT ANNEXE;RDC;Plinthe 10x60 Granite tile SARADO Grey-Flamed;119.94;ml;689655.0;689655.0;576551.58;0.164;576551.58;113103.42;IMPORT;OK
DQE-000167;LOT 3 : REVÊTEMENT DURS|BATIMENT ANNEXE|ETAGE 1|FAÏENCE MURALE EN GRANITE OU SIMILAIRE;LOT 3 : REVÊTEMENT DURS;default;BATIMENT ANNEXE;ETAGE 1;Faïence murale en granite ou similaire;60.7;m2;1710222.5;1710222.5;1429746.01;0.164;1429746.01;280476.49;IMPORT;OK
DQE-000168;LOT 3 : REVÊTEMENT DURS|BATIMENT ANNEXE|ETAGE 1|GRANITE TILE SARADO GREY-FLAMED 60X60;LOT 3 : REVÊTEMENT DURS;default;BATIMENT ANNEXE;ETAGE 1;Granite tile SARADO Grey-Flamed 60x60;210.0;m2;7124250.0;7124250.0;5955873.0;0.164;5955873.0;1168377.0;IMPORT;OK
DQE-000169;LOT 3 : REVÊTEMENT DURS|BATIMENT ANNEXE|ETAGE 1|PLINTHE 10X60 GRANITE TILE SARADO GREY-FLAMED;LOT 3 : REVÊTEMENT DURS;default;BATIMENT ANNEXE;ETAGE 1;Plinthe 10x60 Granite tile SARADO Grey-Flamed;192.38;ml;1106185.0;1106185.0;924770.66;0.164;924770.66;181414.34;IMPORT;OK
DQE-000170;LOT 5 : MENUISERIE MÉTALLIQUE ET FERRONNERIE|BATIMENT PRINCIPAL|GLOBAL|PORTE MÉTALLIQUE DU LOCAL GE;LOT 5 : MENUISERIE MÉTALLIQUE ET FERRONNERIE;menuiserie;BATIMENT PRINCIPAL;GLOBAL;Porte métallique du local GE;1.0;u;345000.0;345000.0;346104.0;0.0;345000.0;0;LOCAL;OK
DQE-000171;LOT 5 : MENUISERIE MÉTALLIQUE ET FERRONNERIE|BATIMENT PRINCIPAL|GLOBAL|GRILLE DE PROTECTION DU LOCAL GE;LOT 5 : MENUISERIE MÉTALLIQUE ET FERRONNERIE;menuiserie;BATIMENT PRINCIPAL;GLOBAL;Grille de protection du local GE;1.0;u;230000.0;230000.0;230736.0;0.0;230000.0;0;LOCAL;OK
DQE-000172;LOT 5 : MENUISERIE MÉTALLIQUE ET FERRONNERIE|BATIMENT PRINCIPAL|GLOBAL|PLATEFORME MÉTALLIQUE POUR LA MEZZANINE Y COMPRIS PARQUET BOIS;LOT 5 : MENUISERIE MÉTALLIQUE ET FERRONNERIE;menuiserie;BATIMENT PRINCIPAL;GLOBAL;Plateforme métallique pour la mezzanine y compris parquet bois;43.16;m2;8189610.0;8189610.0;8215816.75;0.0;8189610.0;0;LOCAL;OK
DQE-000173;LOT 5 : MENUISERIE MÉTALLIQUE ET FERRONNERIE|BATIMENT PRINCIPAL|GLOBAL|ESCALIER MÉTALLIQUE DU LABORATOIRE Y COMPRIS HABILLAGE MARCHES BOIS;LOT 5 : MENUISERIE MÉTALLIQUE ET FERRONNERIE;menuiserie;BATIMENT PRINCIPAL;GLOBAL;Escalier métallique du laboratoire y compris habillage marches bois;1.0;u;1092500.0;1092500.0;1095996.0;0.0;1092500.0;0;LOCAL;OK
DQE-000174;LOT 5 : MENUISERIE MÉTALLIQUE ET FERRONNERIE|BATIMENT PRINCIPAL|GLOBAL|GARDE CORPS MÉTALLIQUE POUR LA MEZZANINE;LOT 5 : MENUISERIE MÉTALLIQUE ET FERRONNERIE;menuiserie;BATIMENT PRINCIPAL;GLOBAL;Garde corps métallique pour la mezzanine;6.74;m2;658835.0;658835.0;660943.27;0.0;658835.0;0;LOCAL;OK
DQE-000175;LOT 5 : MENUISERIE MÉTALLIQUE ET FERRONNERIE|BATIMENT PRINCIPAL|GLOBAL|GRILLAGE DE PROTECTION DE LA MEZZANINE;LOT 5 : MENUISERIE MÉTALLIQUE ET FERRONNERIE;menuiserie;BATIMENT PRINCIPAL;GLOBAL;Grillage de protection de la mezzanine;11.24;m2;1098710.0;1098710.0;1102225.87;0.0;1098710.0;0;LOCAL;OK
DQE-000176;LOT 12 : ASCENSEUR|BATIMENT PRINCIPAL|GLOBAL|ASCENSEUR;LOT 12 : ASCENSEUR;ascenseur;BATIMENT PRINCIPAL;GLOBAL;Ascenseur 630 kg 4 arrêts vitesse 1 m/s;1.0;ens;25300000.0;25300000.0;33841280.0;0.0;25300000.0;0;LOCAL;OK
DQE-000177;LOT 13 : ALUCOBOND|BATIMENT PRINCIPAL|GLOBAL|PANNEAU COMPOSITE ALUCOBOND FAÇADE EXTÉRIEURE;LOT 13 : ALUCOBOND;plomberie;BATIMENT PRINCIPAL;GLOBAL;Panneau composite Alucobond façade extérieure;190.0;m2;33202500.0;33202500.0;27757290.0;0.164;27757290.0;5445210.0;IMPORT;OK
DQE-000178;LOT 13 : ALUCOBOND|BATIMENT ANNEXE|GLOBAL|PANNEAU COMPOSITE ALUCOBOND FAÇADE EXTÉRIEURE;LOT 13 : ALUCOBOND;plomberie;BATIMENT ANNEXE;GLOBAL;Panneau composite Alucobond façade extérieure;233.975;m2;40887131.25;40887131.25;34181641.73;0.16399999987771213;34181641.73;6705489.52;IMPORT;OK
